{"cameraMode":{"drawMode":0,"name":"Shaded","section":"Shading Mode"},"sceneLighting":true,"audioPlay":false,"sceneViewState":{"showFog":true,"showMaterialUpdate":false,"showSkybox":false,"showFlares":true,"showImageEffects":true,"showParticleSystems":true},"in2DMode":false,"pivot":{"x":35.970123291015628,"y":-15.489025115966797,"z":1.8525166511535645},"rotation":{"x":0.16351817548274995,"y":0.6664059162139893,"z":-0.1544412076473236,"w":0.7111902832984924},"size":23.495267868041993,"orthographic":false}