{"cameraMode":{"drawMode":0,"name":"Shaded","section":"Shading Mode"},"sceneLighting":false,"audioPlay":false,"sceneViewState":{"showFog":true,"showMaterialUpdate":false,"showSkybox":false,"showFlares":true,"showImageEffects":true,"showParticleSystems":true},"in2DMode":false,"pivot":{"x":-0.45808926224708559,"y":0.4787030816078186,"z":-2.4020180702209474},"rotation":{"x":0.16445520520210267,"y":0.03546517714858055,"z":-0.0068222107365727428,"w":0.9859664440155029},"size":0.16095119714736939,"orthographic":false}