{"cameraMode":{"drawMode":0,"name":"Shaded","section":"Shading Mode"},"sceneLighting":false,"audioPlay":false,"sceneViewState":{"showFog":true,"showMaterialUpdate":false,"showSkybox":false,"showFlares":true,"showImageEffects":true,"showParticleSystems":true},"in2DMode":false,"pivot":{"x":0.15399999916553498,"y":1.399999976158142,"z":-7.610000133514404},"rotation":{"x":-0.31863221526145937,"y":-0.3069344162940979,"z":0.1100933849811554,"w":-0.8901592493057251},"size":0.1012423112988472,"orthographic":false}