{"cameraMode":{"drawMode":0,"name":"Shaded","section":"Shading Mode"},"sceneLighting":false,"audioPlay":false,"sceneViewState":{"showFog":true,"showMaterialUpdate":false,"showSkybox":false,"showFlares":true,"showImageEffects":true,"showParticleSystems":true},"in2DMode":false,"pivot":{"x":-0.09527431428432465,"y":0.48234957456588747,"z":-0.34316539764404299},"rotation":{"x":0.3926038444042206,"y":0.23685389757156373,"z":-0.10640960186719895,"w":0.8825632333755493},"size":0.16095119714736939,"orthographic":false}