{"cameraMode":{"drawMode":0,"name":"Shaded","section":"Shading Mode"},"sceneLighting":false,"audioPlay":false,"sceneViewState":{"showFog":true,"showMaterialUpdate":false,"showSkybox":false,"showFlares":true,"showImageEffects":true,"showParticleSystems":true},"in2DMode":false,"pivot":{"x":-3.5742902755737306,"y":1.4659452438354493,"z":-4.303973197937012},"rotation":{"x":-0.09392989426851273,"y":0.30854809284210207,"z":0.029850652441382409,"w":0.9463419914245606},"size":0.000017320508050033823,"orthographic":false}